Workbook

Sheet Resumen Ejecutivo
A1: REPORTE DE FUNCIONES Y SECRETOS - CLOUD FUNCTIONS V2
A2: Proyecto Conectimed | Infraestructura Backend Firebase Functions v2
A4: Resumen General de Funciones
A5: Métrica | B5: Total
A6: Total de Funciones Principales Exportadas | B6: =COUNTA('Lista de Funciones'!A3:A128)
A7: Total de Secretos / Variables de Configuración | B7: =COUNTA('Secretos y Variables'!A3:A26)
A8: Funciones HTTP Request (onRequest) | B8: =COUNTIF('Lista de Funciones'!D3:D128, "HTTP Request")
A9: Funciones Callables (onCall) | B9: =COUNTIF('Lista de Funciones'!D3:D128, "Callable (HTTPS)")
A10: Funciones Programadas (onSchedule) | B10: =COUNTIF('Lista de Funciones'!D3:D128, "Scheduled (Cron)")
A11: Disparadores Firestore (Triggers) | B11: =COUNTIF('Lista de Funciones'!D3:D128, "Firestore Trigger*")
A14: Desglose por Tipo de Disparador (Trigger)
A15: Tipo de Trigger | B15: Cantidad | C15: % del Total
A16: HTTP Request (onRequest) | B16: =COUNTIF('Lista de Funciones'!C3:C128, "onRequest") | C16: =B16/B6
A17: Callable (onCall) | B17: =COUNTIF('Lista de Funciones'!C3:C128, "onCall") | C17: =B17/B6
A18: Scheduled (onSchedule) | B18: =COUNTIF('Lista de Funciones'!C3:C128, "onSchedule") | C18: =B18/B6
A19: Firestore OnCreate (onDocumentCreated) | B19: =COUNTIF('Lista de Funciones'!C3:C128, "onDocumentCreated") | C19: =B19/B6
A20: Firestore OnUpdate (onDocumentUpdated) | B20: =COUNTIF('Lista de Funciones'!C3:C128, "onDocumentUpdated") | C20: =B20/B6
A21: Firestore OnDelete (onDocumentDeleted) | B21: =COUNTIF('Lista de Funciones'!C3:C128, "onDocumentDeleted") | C21: =B21/B6
A22: Firestore OnWrite (onDocumentWritten) | B22: =COUNTIF('Lista de Funciones'!C3:C128, "onDocumentWritten") | C22: =B22/B6
A23: TOTAL | B23: =SUM(B16:B22) | C23: =SUM(C16:C22)
A26: Desglose por Autor / Desarrollador
A27: Autor | B27: Cantidad | C27: % del Total
A28: Rolando | B28: =COUNTIF('Lista de Funciones'!F3:F128, "Rolando") | C28: =B28/B6
A29: Miguel | B29: =COUNTIF('Lista de Funciones'!F3:F128, "Miguel") | C29: =B29/B6
A30: Migrated v2 | B30: =COUNTIF('Lista de Funciones'!F3:F128, "Migrated v2") | C30: =B30/B6
A31: TOTAL | B31: =SUM(B28:B30) | C31: =SUM(C28:C30)

Sheet Lista de Funciones
A1: INVENTARIO DETALLADO DE FUNCIONES PRINCIPALES (CLOUD FUNCTIONS V2)
A2: # | B2: Nombre de la Función | C2: Tipo Trigger (v2) | D2: Categoría | E2: Descripción de la Función | F2: Autor / Creador | G2: Archivo Fuente | H2: Secretos / Variables Requeridos
A3: 1 | B3: infoDBF | C3: onRequest | D3: HTTP Request | E3: STRIPE | F3: Rolando | G3: functions/assets/js/experimental/experimental.js | H3: CONFIGFB_ADMIN_CREDENTIAL_CERT, CONFIGFB_CLIENT_EMAIL, CONFIGFB_DATABASE_NAME, CONFIGFB_DATABASE_URL, CONFIGFB_STORAGE_BUCKET
A4: 2 | B4: stripe_customer_create | C4: onRequest | D4: HTTP Request | E4: STRIPE | F4: Rolando | G4: functions/assets/js/stripe/stripe.js | H4: STRIPE_SECRET_KEY
A5: 3 | B5: stripe_customer_update | C5: onRequest | D5: HTTP Request | E5: STRIPE | F5: Rolando | G5: functions/assets/js/stripe/stripe.js | H5: STRIPE_SECRET_KEY
A6: 4 | B6: stripe_customer_retrieve | C6: onRequest | D6: HTTP Request | E6: STRIPE | F6: Rolando | G6: functions/assets/js/stripe/stripe.js | H6: STRIPE_SECRET_KEY
A7: 5 | B7: stripe_customer_delete | C7: onRequest | D7: HTTP Request | E7: STRIPE | F7: Rolando | G7: functions/assets/js/stripe/stripe.js | H7: STRIPE_SECRET_KEY
A8: 6 | B8: stripe_payment_intent | C8: onRequest | D8: HTTP Request | E8: STRIPE | F8: Rolando | G8: functions/assets/js/stripe/stripe.js | H8: STRIPE_SECRET_KEY
A9: 7 | B9: stripe_payment_intent_update | C9: onRequest | D9: HTTP Request | E9: STRIPE | F9: Rolando | G9: functions/assets/js/stripe/stripe.js | H9: STRIPE_SECRET_KEY
A10: 8 | B10: clickMeeting | C10: onRequest | D10: HTTP Request | E10: GET URL FROM CLICK MEETING | F10: Rolando | G10: functions/assets/js/click-meeting/click-meeting.js | H10: CLICK_MEETING_API, CLICK_MEETING_URL_ACCOUNT, CLICK_MEETING_X_API_KEY, CONFIGFB_ADMIN_CREDENTIAL_CERT, CONFIGFB_CLIENT_EMAIL, CONFIGFB_DATABASE_NAME, CONFIGFB_DATABASE_URL, CONFIGFB_STORAGE_BUCKET
A11: 9 | B11: getValidatedUsers | C11: onRequest | D11: HTTP Request | E11: GET VALIDATED USERS | F11: Rolando | G11: functions/assets/js/members/createusers.js | H11: CONFIGFB_ADMIN_CREDENTIAL_CERT, CONFIGFB_CLIENT_EMAIL, CONFIGFB_DATABASE_NAME, CONFIGFB_DATABASE_URL, CONFIGFB_STORAGE_BUCKET
A12: 10 | B12: userAppRegister | C12: onRequest | D12: HTTP Request | E12: USER APP REGISTRATION | F12: Rolando | G12: functions/assets/js/user/register.js | H12: CONFIGFB_ADMIN_CREDENTIAL_CERT, CONFIGFB_CLIENT_EMAIL, CONFIGFB_DATABASE_NAME, CONFIGFB_DATABASE_URL, CONFIGFB_STORAGE_BUCKET, CTM_CRYPT_IV_LENGTH, CTM_CRYPT_SECRET_KEY
A13: 11 | B13: userAppUpdate | C13: onRequest | D13: HTTP Request | E13: USER APP UPDATE | F13: Rolando | G13: functions/assets/js/user/register.js | H13: CONFIGFB_ADMIN_CREDENTIAL_CERT, CONFIGFB_CLIENT_EMAIL, CONFIGFB_DATABASE_NAME, CONFIGFB_DATABASE_URL, CONFIGFB_STORAGE_BUCKET, CTM_CRYPT_IV_LENGTH, CTM_CRYPT_SECRET_KEY
A14: 12 | B14: getAllAuthUsers | C14: onRequest | D14: HTTP Request | E14: GET ALL AUTH USERS | F14: Miguel | G14: functions/assets/js/members/createusers.js | H14: CONFIGFB_ADMIN_CREDENTIAL_CERT, CONFIGFB_CLIENT_EMAIL, CONFIGFB_DATABASE_NAME, CONFIGFB_DATABASE_URL, CONFIGFB_STORAGE_BUCKET
... A128: 126 | B128: senmails | C128: onRequest | D128: HTTP Request | E128: Sin descripción | F128: N/A | G128: functions/index.js | H128: Ninguno

Sheet Secretos y Variables
A1: INVENTARIO DE SECRETOS Y VARIABLES DE CONFIGURACIÓN
A2: # | B2: Nombre del Secreto / Variable | C2: Descripción y Propósito | D2: Total Funciones que lo Usan | E2: Funciones Asociadas
A3: 1 | B3: CLICK_MEETING_API | C3: Clave API de autenticación e integración con la plataforma ClickMeeting. | D3: 2 | E3: clickMeeting, getClickMeetingAttendees
A4: 2 | B4: CLICK_MEETING_URL_ACCOUNT | C4: URL base de la cuenta/subdominio asignado en ClickMeeting. | D4: 2 | E4: clickMeeting, getClickMeetingAttendees
A5: 3 | B5: CLICK_MEETING_X_API_KEY | C5: Cabecera de autenticación X-Api-Key utilizada para endpoints de ClickMeeting V2. | D5: 2 | E5: clickMeeting, getClickMeetingAttendees
A6: 4 | B6: CLOUD_MESSAGING_URL | C6: URL para el envío de notificaciones push a través de Firebase Cloud Messaging V1 API. | D6: 4 | E6: sendNotificationCall, subscribeToTopic, unsubscribeFromTopic, sendNotification
A7: 5 | B7: CONFIGAPP_ICON | C7: URL del icono genérico por defecto para notificaciones push en la app. | D7: 4 | E7: sendNotificationCall, subscribeToTopic, unsubscribeFromTopic, sendNotification
A8: 6 | B8: CONFIGAPP_URL | C8: URL pública base de la aplicación cliente Conectimed. | D8: 7 | E8: conectimed_landing, generateCode, getAuthUserByEmailRequest, sendNotificationCall, subscribeToTopic, unsubscribeFromTopic, sendNotification
A9: 7 | B9: CONFIGFB_ADMIN_CREDENTIAL_CERT | C9: Certificado JSON con credenciales Service Account Admin de Firebase/GCP. | D9: 62 | E9: infoDBF, clickMeeting, getValidatedUsers, userAppRegister, userAppUpdate, getAllAuthUsers, getAuthUsersByList, generateHtmlCertificate, getSpecialties, getSpecialty, conectimed_landing, generateHtmlCertificate, zohoExportRequest, zohoExportmarkAllUsersPendingRequest, zohoExportSingleRequest, getVirtualSessionsAttendanceConfirmation, generateCode, getAuthUserByEmailRequest, search, contacts, filters, existInFireAuth, createUsers, deleteUsers, tokens, getFbToken, isFullMigratedWP, changePasswordWPFB, setPoints, createAuthUser, checkRepresentantive, certificadosBatch, changePassword, checkCode, deleteAuthUser, emailVerificationAuthUser, getAuthUser, getAuthUserByEmail, resetPasswordAuthUser, updateAuthUser, updateSeachUserObject, updatePostsSearch, updateProductsSearch, sendNotificationCall, subscribeToTopic, unsubscribeFromTopic, getToken, getAllUsersAuthUser, getSearchArray, fire_onRequest_scheduled_posts, sendNotification, uploadFilesToFstorage, bq_onRequest_getResponseWebhook, bq_onRequest_newsletters, bq_onRequest_newsletters_update, admin_messaging, admin_messaging_movil, bq_onRequest_activities, bq_onRequest_campaigns, bq_onRequest_contacts, bq_onRequest_createTable, updateSearchArray
A10: 8 | B10: CONFIGFB_API_KEY | C10: API Key pública del proyecto Firebase Conectimed. | D10: 2 | E10: generateCode, getAuthUserByEmailRequest
A11: 9 | B11: CONFIGFB_API_URL | C11: URL de servicio API backend auxiliar de Firebase. | D11: 1 | E11: generatePDF
A12: 10 | B12: CONFIGFB_CLIENT_EMAIL | C12: Email del cliente de la cuenta de servicio Firebase Admin SDK. | D12: 62 | E12: infoDBF, clickMeeting, getValidatedUsers, userAppRegister, userAppUpdate, getAllAuthUsers, getAuthUsersByList, generateHtmlCertificate, getSpecialties, getSpecialty, conectimed_landing, generateHtmlCertificate, zohoExportRequest, zohoExportmarkAllUsersPendingRequest, zohoExportSingleRequest, getVirtualSessionsAttendanceConfirmation, generateCode, getAuthUserByEmailRequest, search, contacts, filters, existInFireAuth, createUsers, deleteUsers, tokens, getFbToken, isFullMigratedWP, changePasswordWPFB, setPoints, createAuthUser, checkRepresentantive, certificadosBatch, changePassword, checkCode, deleteAuthUser, emailVerificationAuthUser, getAuthUser, getAuthUserByEmail, resetPasswordAuthUser, updateAuthUser, updateSeachUserObject, updatePostsSearch, updateProductsSearch, sendNotificationCall, subscribeToTopic, unsubscribeFromTopic, getToken, getAllUsersAuthUser, getSearchArray, fire_onRequest_scheduled_posts, sendNotification, uploadFilesToFstorage, bq_onRequest_getResponseWebhook, bq_onRequest_newsletters, bq_onRequest_newsletters_update, admin_messaging, admin_messaging_movil, bq_onRequest_activities, bq_onRequest_campaigns, bq_onRequest_contacts, bq_onRequest_createTable, updateSearchArray
A13: 11 | B13: CONFIGFB_DATABASE_NAME | C13: Nombre o ID del proyecto/base de datos Firestore. | D13: 62 | E13: infoDBF, clickMeeting, getValidatedUsers, userAppRegister, userAppUpdate, getAllAuthUsers, getAuthUsersByList, generateHtmlCertificate, getSpecialties, getSpecialty, conectimed_landing, generateHtmlCertificate, zohoExportRequest, zohoExportmarkAllUsersPendingRequest, zohoExportSingleRequest, getVirtualSessionsAttendanceConfirmation, generateCode, getAuthUserByEmailRequest, search, contacts, filters, existInFireAuth, createUsers, deleteUsers, tokens, getFbToken, isFullMigratedWP, changePasswordWPFB, setPoints, createAuthUser, checkRepresentantive, certificadosBatch, changePassword, checkCode, deleteAuthUser, emailVerificationAuthUser, getAuthUser, getAuthUserByEmail, resetPasswordAuthUser, updateAuthUser, updateSeachUserObject, updatePostsSearch, updateProductsSearch, sendNotificationCall, subscribeToTopic, unsubscribeFromTopic, getToken, getAllUsersAuthUser, getSearchArray, fire_onRequest_scheduled_posts, sendNotification, uploadFilesToFstorage, bq_onRequest_getResponseWebhook, bq_onRequest_newsletters, bq_onRequest_newsletters_update, admin_messaging, admin_messaging_movil, bq_onRequest_activities, bq_onRequest_campaigns, bq_onRequest_contacts, bq_onRequest_createTable, updateSearchArray
A14: 12 | B14: CONFIGFB_DATABASE_URL | C14: URL de la base de datos Realtime Database / Firestore en Firebase. | D14: 62 | E14: infoDBF, clickMeeting, getValidatedUsers, userAppRegister, userAppUpdate, getAllAuthUsers, getAuthUsersByList, generateHtmlCertificate, getSpecialties, getSpecialty, conectimed_landing, generateHtmlCertificate, zohoExportRequest, zohoExportmarkAllUsersPendingRequest, zohoExportSingleRequest, getVirtualSessionsAttendanceConfirmation, generateCode, getAuthUserByEmailRequest, search, contacts, filters, existInFireAuth, createUsers, deleteUsers, tokens, getFbToken, isFullMigratedWP, changePasswordWPFB, setPoints, createAuthUser, checkRepresentantive, certificadosBatch, changePassword, checkCode, deleteAuthUser, emailVerificationAuthUser, getAuthUser, getAuthUserByEmail, resetPasswordAuthUser, updateAuthUser, updateSeachUserObject, updatePostsSearch, updateProductsSearch, sendNotificationCall, subscribeToTopic, unsubscribeFromTopic, getToken, getAllUsersAuthUser, getSearchArray, fire_onRequest_scheduled_posts, sendNotification, uploadFilesToFstorage, bq_onRequest_getResponseWebhook, bq_onRequest_newsletters, bq_onRequest_newsletters_update, admin_messaging, admin_messaging_movil, bq_onRequest_activities, bq_onRequest_campaigns, bq_onRequest_contacts, bq_onRequest_createTable, updateSearchArray
... A26: 24 | B26: ZOHO_INTEGRATION_URL | C26: URL webhook/endpoint REST para sincronización y exportación de datos con Zoho CRM. | D26: 3 | E26: zohoExportRequest, zohoExportmarkAllUsersPendingRequest, zohoExportSingleRequest
